,Unnamed: 0,dataset,fname,label,sublabel,iname
0,0,b,data\wavfiles/extrastole__127_1306764300147_C2.wav,extrastole,,data\spec/extrastole__127_1306764300147_C2.png
1,1,b,data\wavfiles/extrastole__128_1306344005749_A.wav,extrastole,,data\spec/extrastole__128_1306344005749_A.png
2,2,b,data\wavfiles/extrastole__130_1306347376079_D.wav,extrastole,,data\spec/extrastole__130_1306347376079_D.png
3,3,b,data\wavfiles/extrastole__134_1306428161797_C1.wav,extrastole,,data\spec/extrastole__134_1306428161797_C1.png
4,4,b,data\wavfiles/extrastole__138_1306762146980_B.wav,extrastole,,data\spec/extrastole__138_1306762146980_B.png
5,5,b,data\wavfiles/extrastole__140_1306519735121_D.wav,extrastole,,data\spec/extrastole__140_1306519735121_D.png
6,6,b,data\wavfiles/extrastole__144_1306522408528_B.wav,extrastole,,data\spec/extrastole__144_1306522408528_B.png
7,7,b,data\wavfiles/extrastole__144_1306522408528_B1.wav,extrastole,,data\spec/extrastole__144_1306522408528_B1.png
8,8,b,data\wavfiles/extrastole__148_1306768801551_B.wav,extrastole,,data\spec/extrastole__148_1306768801551_B.png
9,9,b,data\wavfiles/extrastole__151_1306779785624_B.wav,extrastole,,data\spec/extrastole__151_1306779785624_B.png
10,10,b,data\wavfiles/extrastole__153_1306848820671_C.wav,extrastole,,data\spec/extrastole__153_1306848820671_C.png
11,11,b,data\wavfiles/extrastole__154_1306935608852_D2.wav,extrastole,,data\spec/extrastole__154_1306935608852_D2.png
12,12,b,data\wavfiles/extrastole__163_1307104470471_C.wav,extrastole,,data\spec/extrastole__163_1307104470471_C.png
13,13,b,data\wavfiles/extrastole__179_1307990076841_C.wav,extrastole,,data\spec/extrastole__179_1307990076841_C.png
14,14,b,data\wavfiles/extrastole__184_1308073010307_A.wav,extrastole,,data\spec/extrastole__184_1308073010307_A.png
15,15,b,data\wavfiles/extrastole__190_1308076920011_C.wav,extrastole,,data\spec/extrastole__190_1308076920011_C.png
16,16,b,data\wavfiles/extrastole__191_1308077299430_A.wav,extrastole,,data\spec/extrastole__191_1308077299430_A.png
17,17,b,data\wavfiles/extrastole__194_1308139824187_B.wav,extrastole,,data\spec/extrastole__194_1308139824187_B.png
18,18,b,data\wavfiles/extrastole__198_1308141739338_B.wav,extrastole,,data\spec/extrastole__198_1308141739338_B.png
19,19,b,data\wavfiles/extrastole__198_1308141739338_B1.wav,extrastole,,data\spec/extrastole__198_1308141739338_B1.png
20,20,b,data\wavfiles/extrastole__202_1308145175747_C1.wav,extrastole,,data\spec/extrastole__202_1308145175747_C1.png
21,21,b,data\wavfiles/extrastole__202_1308145175747_C2.wav,extrastole,,data\spec/extrastole__202_1308145175747_C2.png
22,22,b,data\wavfiles/extrastole__207_1308159792607_B.wav,extrastole,,data\spec/extrastole__207_1308159792607_B.png
23,23,b,data\wavfiles/extrastole__207_1308159792607_B1.wav,extrastole,,data\spec/extrastole__207_1308159792607_B1.png
24,24,b,data\wavfiles/extrastole__209_1308162216750_D.wav,extrastole,,data\spec/extrastole__209_1308162216750_D.png
25,25,b,data\wavfiles/extrastole__210_1308162935880_C.wav,extrastole,,data\spec/extrastole__210_1308162935880_C.png
26,26,b,data\wavfiles/extrastole__213_1308245263936_D.wav,extrastole,,data\spec/extrastole__213_1308245263936_D.png
27,27,b,data\wavfiles/extrastole__215_1308245664733_B.wav,extrastole,,data\spec/extrastole__215_1308245664733_B.png
28,28,b,data\wavfiles/extrastole__215_1308245664733_B1.wav,extrastole,,data\spec/extrastole__215_1308245664733_B1.png
29,29,b,data\wavfiles/extrastole__216_1308245839516_A.wav,extrastole,,data\spec/extrastole__216_1308245839516_A.png
30,30,b,data\wavfiles/extrastole__216_1308245839516_B.wav,extrastole,,data\spec/extrastole__216_1308245839516_B.png
31,31,b,data\wavfiles/extrastole__220_1308250132896_B.wav,extrastole,,data\spec/extrastole__220_1308250132896_B.png
32,32,b,data\wavfiles/extrastole__224_1308337157445_B.wav,extrastole,,data\spec/extrastole__224_1308337157445_B.png
33,33,b,data\wavfiles/extrastole__229_1308594979317_B.wav,extrastole,,data\spec/extrastole__229_1308594979317_B.png
34,34,b,data\wavfiles/extrastole__235_1308749032454_B.wav,extrastole,,data\spec/extrastole__235_1308749032454_B.png
35,35,b,data\wavfiles/extrastole__237_1308750231222_A.wav,extrastole,,data\spec/extrastole__237_1308750231222_A.png
36,36,b,data\wavfiles/extrastole__237_1308750231222_C.wav,extrastole,,data\spec/extrastole__237_1308750231222_C.png
37,37,b,data\wavfiles/extrastole__249_1309202052376_C.wav,extrastole,,data\spec/extrastole__249_1309202052376_C.png
38,38,b,data\wavfiles/extrastole__253_1309350256198_B.wav,extrastole,,data\spec/extrastole__253_1309350256198_B.png
39,39,b,data\wavfiles/extrastole__261_1309353556003_C.wav,extrastole,,data\spec/extrastole__261_1309353556003_C.png
40,40,b,data\wavfiles/extrastole__265_1309367698923_C.wav,extrastole,,data\spec/extrastole__265_1309367698923_C.png
41,41,b,data\wavfiles/extrastole__274_1311075637574_A.wav,extrastole,,data\spec/extrastole__274_1311075637574_A.png
42,42,b,data\wavfiles/extrastole__275_1310990852160_B.wav,extrastole,,data\spec/extrastole__275_1310990852160_B.png
43,43,b,data\wavfiles/extrastole__286_1311170606028_D.wav,extrastole,,data\spec/extrastole__286_1311170606028_D.png
44,44,b,data\wavfiles/extrastole__294_1311681084248_C.wav,extrastole,,data\spec/extrastole__294_1311681084248_C.png
45,45,b,data\wavfiles/extrastole__298_1311685888900_C.wav,extrastole,,data\spec/extrastole__298_1311685888900_C.png
46,46,b,data\wavfiles/murmur__112_1306243000964_A.wav,murmur,,data\spec/murmur__112_1306243000964_A.png
47,47,b,data\wavfiles/murmur__112_1306243000964_B.wav,murmur,,data\spec/murmur__112_1306243000964_B.png
48,48,b,data\wavfiles/murmur__112_1306243000964_D.wav,murmur,,data\spec/murmur__112_1306243000964_D.png
49,49,b,data\wavfiles/murmur__116_1306258689913_A.wav,murmur,,data\spec/murmur__116_1306258689913_A.png
50,50,b,data\wavfiles/murmur__116_1306258689913_C.wav,murmur,,data\spec/murmur__116_1306258689913_C.png
51,51,b,data\wavfiles/murmur__116_1306258689913_D.wav,murmur,,data\spec/murmur__116_1306258689913_D.png
52,52,b,data\wavfiles/murmur__122_1306325762831_C.wav,murmur,,data\spec/murmur__122_1306325762831_C.png
53,53,b,data\wavfiles/murmur__122_1306325762831_D.wav,murmur,,data\spec/murmur__122_1306325762831_D.png
54,54,b,data\wavfiles/murmur__156_1306936373241_B.wav,murmur,,data\spec/murmur__156_1306936373241_B.png
55,55,b,data\wavfiles/murmur__160_1307100683334_A.wav,murmur,,data\spec/murmur__160_1307100683334_A.png
56,56,b,data\wavfiles/murmur__160_1307100683334_B.wav,murmur,,data\spec/murmur__160_1307100683334_B.png
57,57,b,data\wavfiles/murmur__161_1307101199321_A.wav,murmur,,data\spec/murmur__161_1307101199321_A.png
58,58,b,data\wavfiles/murmur__162_1307101835989_A.wav,murmur,,data\spec/murmur__162_1307101835989_A.png
59,59,b,data\wavfiles/murmur__162_1307101835989_B.wav,murmur,,data\spec/murmur__162_1307101835989_B.png
60,60,b,data\wavfiles/murmur__164_1307106095995_B.wav,murmur,,data\spec/murmur__164_1307106095995_B.png
61,61,b,data\wavfiles/murmur__164_1307106095995_C.wav,murmur,,data\spec/murmur__164_1307106095995_C.png
62,62,b,data\wavfiles/murmur__165_1307109069581_C.wav,murmur,,data\spec/murmur__165_1307109069581_C.png
63,63,b,data\wavfiles/murmur__165_1307109069581_C2.wav,murmur,,data\spec/murmur__165_1307109069581_C2.png
64,64,b,data\wavfiles/murmur__171_1307971016233_D.wav,murmur,,data\spec/murmur__171_1307971016233_D.png
65,65,b,data\wavfiles/murmur__171_1307971016233_D1.wav,murmur,,data\spec/murmur__171_1307971016233_D1.png
66,66,b,data\wavfiles/murmur__171_1307971016233_E.wav,murmur,,data\spec/murmur__171_1307971016233_E.png
67,67,b,data\wavfiles/murmur__185_1308073325396_B.wav,murmur,,data\spec/murmur__185_1308073325396_B.png
68,68,b,data\wavfiles/murmur__185_1308073325396_C.wav,murmur,,data\spec/murmur__185_1308073325396_C.png
69,69,b,data\wavfiles/murmur__193_1308078104592_B.wav,murmur,,data\spec/murmur__193_1308078104592_B.png
70,70,b,data\wavfiles/murmur__193_1308078104592_C.wav,murmur,,data\spec/murmur__193_1308078104592_C.png
71,71,b,data\wavfiles/murmur__193_1308078104592_C1.wav,murmur,,data\spec/murmur__193_1308078104592_C1.png
72,72,b,data\wavfiles/murmur__195_1308140095331_A.wav,murmur,,data\spec/murmur__195_1308140095331_A.png
73,73,b,data\wavfiles/murmur__195_1308140095331_C.wav,murmur,,data\spec/murmur__195_1308140095331_C.png
74,74,b,data\wavfiles/murmur__195_1308140095331_C1.wav,murmur,,data\spec/murmur__195_1308140095331_C1.png
75,75,b,data\wavfiles/murmur__196_1308141034858_B.wav,murmur,,data\spec/murmur__196_1308141034858_B.png
76,76,b,data\wavfiles/murmur__196_1308141034858_C.wav,murmur,,data\spec/murmur__196_1308141034858_C.png
77,77,b,data\wavfiles/murmur__197_1308141235553_A.wav,murmur,,data\spec/murmur__197_1308141235553_A.png
78,78,b,data\wavfiles/murmur__197_1308141235553_C.wav,murmur,,data\spec/murmur__197_1308141235553_C.png
79,79,b,data\wavfiles/murmur__197_1308141235553_D.wav,murmur,,data\spec/murmur__197_1308141235553_D.png
80,80,b,data\wavfiles/murmur__200_1308144251434_C.wav,murmur,,data\spec/murmur__200_1308144251434_C.png
81,81,b,data\wavfiles/murmur__200_1308144251434_D.wav,murmur,,data\spec/murmur__200_1308144251434_D.png
82,82,b,data\wavfiles/murmur__203_1308162026258_B.wav,murmur,,data\spec/murmur__203_1308162026258_B.png
83,83,b,data\wavfiles/murmur__203_1308162026258_C1.wav,murmur,,data\spec/murmur__203_1308162026258_C1.png
84,84,b,data\wavfiles/murmur__203_1308162026258_D.wav,murmur,,data\spec/murmur__203_1308162026258_D.png
85,85,b,data\wavfiles/murmur__204_1308159229275_B.wav,murmur,,data\spec/murmur__204_1308159229275_B.png
86,86,b,data\wavfiles/murmur__211_1308163238707_C.wav,murmur,,data\spec/murmur__211_1308163238707_C.png
87,87,b,data\wavfiles/murmur__223_1308337062581_D.wav,murmur,,data\spec/murmur__223_1308337062581_D.png
88,88,b,data\wavfiles/murmur__239_1309195730333_B.wav,murmur,,data\spec/murmur__239_1309195730333_B.png
89,89,b,data\wavfiles/murmur__239_1309195730333_C.wav,murmur,,data\spec/murmur__239_1309195730333_C.png
90,90,b,data\wavfiles/murmur__240_1309196119795_B.wav,murmur,,data\spec/murmur__240_1309196119795_B.png
91,91,b,data\wavfiles/murmur__240_1309196119795_C.wav,murmur,,data\spec/murmur__240_1309196119795_C.png
92,92,b,data\wavfiles/murmur__240_1309201366049_B.wav,murmur,,data\spec/murmur__240_1309201366049_B.png
93,93,b,data\wavfiles/murmur__242_1309197394064_B.wav,murmur,,data\spec/murmur__242_1309197394064_B.png
94,94,b,data\wavfiles/murmur__242_1309197394064_D.wav,murmur,,data\spec/murmur__242_1309197394064_D.png
95,95,b,data\wavfiles/murmur__244_1309198148498_B.wav,murmur,,data\spec/murmur__244_1309198148498_B.png
96,96,b,data\wavfiles/murmur__245_1309200438094_B.wav,murmur,,data\spec/murmur__245_1309200438094_B.png
97,97,b,data\wavfiles/murmur__248_1309201683806_A.wav,murmur,,data\spec/murmur__248_1309201683806_A.png
98,98,b,data\wavfiles/murmur__248_1309201683806_C.wav,murmur,,data\spec/murmur__248_1309201683806_C.png
99,99,b,data\wavfiles/murmur__254_1309350589009_A.wav,murmur,,data\spec/murmur__254_1309350589009_A.png
100,100,b,data\wavfiles/murmur__254_1309350589009_A1.wav,murmur,,data\spec/murmur__254_1309350589009_A1.png
101,101,b,data\wavfiles/murmur__254_1309350589009_C.wav,murmur,,data\spec/murmur__254_1309350589009_C.png
102,102,b,data\wavfiles/murmur__254_1309350589009_D.wav,murmur,,data\spec/murmur__254_1309350589009_D.png
103,103,b,data\wavfiles/murmur__276_1311162716489_C.wav,murmur,,data\spec/murmur__276_1311162716489_C.png
104,104,b,data\wavfiles/murmur__281_1311165683454_A.wav,murmur,,data\spec/murmur__281_1311165683454_A.png
105,105,b,data\wavfiles/murmur__281_1311165683454_B.wav,murmur,,data\spec/murmur__281_1311165683454_B.png
106,106,b,data\wavfiles/murmur__281_1311165683454_D.wav,murmur,,data\spec/murmur__281_1311165683454_D.png
107,107,b,data\wavfiles/murmur__287_1311170903290_C.wav,murmur,,data\spec/murmur__287_1311170903290_C.png
108,108,b,data\wavfiles/murmur__288_1311164615284_D.wav,murmur,,data\spec/murmur__288_1311164615284_D.png
109,109,b,data\wavfiles/murmur__292_1311185449649_B.wav,murmur,,data\spec/murmur__292_1311185449649_B.png
110,110,b,data\wavfiles/murmur__292_1311185449649_C.wav,murmur,,data\spec/murmur__292_1311185449649_C.png
111,111,b,data\wavfiles/murmur__293_1311680805936_B1.wav,murmur,,data\spec/murmur__293_1311680805936_B1.png
112,112,b,data\wavfiles/normal__103_1305031931979_B.wav,normal,,data\spec/normal__103_1305031931979_B.png
113,113,b,data\wavfiles/normal__103_1305031931979_D1.wav,normal,,data\spec/normal__103_1305031931979_D1.png
114,114,b,data\wavfiles/normal__103_1305031931979_D2.wav,normal,,data\spec/normal__103_1305031931979_D2.png
115,115,b,data\wavfiles/normal__103_1305031931979_D3.wav,normal,,data\spec/normal__103_1305031931979_D3.png
116,116,b,data\wavfiles/normal__106_1306776721273_B1.wav,normal,,data\spec/normal__106_1306776721273_B1.png
117,117,b,data\wavfiles/normal__106_1306776721273_C1.wav,normal,,data\spec/normal__106_1306776721273_C1.png
118,118,b,data\wavfiles/normal__106_1306776721273_C2.wav,normal,,data\spec/normal__106_1306776721273_C2.png
119,119,b,data\wavfiles/normal__106_1306776721273_D1.wav,normal,,data\spec/normal__106_1306776721273_D1.png
120,120,b,data\wavfiles/normal__106_1306776721273_D2.wav,normal,,data\spec/normal__106_1306776721273_D2.png
121,121,b,data\wavfiles/normal__107_1305654946865_C1.wav,normal,,data\spec/normal__107_1305654946865_C1.png
122,122,b,data\wavfiles/normal__109_1305653646620_C.wav,normal,,data\spec/normal__109_1305653646620_C.png
123,123,b,data\wavfiles/normal__113_1306244002866_D.wav,normal,,data\spec/normal__113_1306244002866_D.png
124,124,b,data\wavfiles/normal__115_1306259437619_C.wav,normal,,data\spec/normal__115_1306259437619_C.png
125,125,b,data\wavfiles/normal__117_1306262456650_B.wav,normal,,data\spec/normal__117_1306262456650_B.png
126,126,b,data\wavfiles/normal__125_1306332456645_B.wav,normal,,data\spec/normal__125_1306332456645_B.png
127,127,b,data\wavfiles/normal__126_1306777102824_B.wav,normal,,data\spec/normal__126_1306777102824_B.png
128,128,b,data\wavfiles/normal__126_1306777102824_C.wav,normal,,data\spec/normal__126_1306777102824_C.png
129,129,b,data\wavfiles/normal__126_1306777102824_D.wav,normal,,data\spec/normal__126_1306777102824_D.png
130,130,b,data\wavfiles/normal__127_1306764300147_A.wav,normal,,data\spec/normal__127_1306764300147_A.png
131,131,b,data\wavfiles/normal__127_1306764300147_B.wav,normal,,data\spec/normal__127_1306764300147_B.png
132,132,b,data\wavfiles/normal__127_1306764300147_C1.wav,normal,,data\spec/normal__127_1306764300147_C1.png
133,133,b,data\wavfiles/normal__128_1306344005749_B.wav,normal,,data\spec/normal__128_1306344005749_B.png
134,134,b,data\wavfiles/normal__128_1306344005749_D.wav,normal,,data\spec/normal__128_1306344005749_D.png
135,135,b,data\wavfiles/normal__128_1306344005749_D1.wav,normal,,data\spec/normal__128_1306344005749_D1.png
136,136,b,data\wavfiles/normal__129_1306344506305_B1.wav,normal,,data\spec/normal__129_1306344506305_B1.png
137,137,b,data\wavfiles/normal__129_1306344506305_D.wav,normal,,data\spec/normal__129_1306344506305_D.png
138,138,b,data\wavfiles/normal__129_1306344506305_D1.wav,normal,,data\spec/normal__129_1306344506305_D1.png
139,139,b,data\wavfiles/normal__133_1306759619127_A.wav,normal,,data\spec/normal__133_1306759619127_A.png
140,140,b,data\wavfiles/normal__133_1306759619127_B.wav,normal,,data\spec/normal__133_1306759619127_B.png
141,141,b,data\wavfiles/normal__133_1306759619127_D.wav,normal,,data\spec/normal__133_1306759619127_D.png
142,142,b,data\wavfiles/normal__134_1306428161797_C.wav,normal,,data\spec/normal__134_1306428161797_C.png
143,143,b,data\wavfiles/normal__134_1306428161797_C2.wav,normal,,data\spec/normal__134_1306428161797_C2.png
144,144,b,data\wavfiles/normal__134_1306428161797_D.wav,normal,,data\spec/normal__134_1306428161797_D.png
145,145,b,data\wavfiles/normal__137_1306764999211_C.wav,normal,,data\spec/normal__137_1306764999211_C.png
146,146,b,data\wavfiles/normal__137_1306764999211_D.wav,normal,,data\spec/normal__137_1306764999211_D.png
147,147,b,data\wavfiles/normal__139_1306519274653_A.wav,normal,,data\spec/normal__139_1306519274653_A.png
148,148,b,data\wavfiles/normal__140_1306519735121_A.wav,normal,,data\spec/normal__140_1306519735121_A.png
149,149,b,data\wavfiles/normal__140_1306519735121_B.wav,normal,,data\spec/normal__140_1306519735121_B.png
150,150,b,data\wavfiles/normal__140_1306519735121_D1.wav,normal,,data\spec/normal__140_1306519735121_D1.png
151,151,b,data\wavfiles/normal__141_1306520154450_B.wav,normal,,data\spec/normal__141_1306520154450_B.png
152,152,b,data\wavfiles/normal__141_1306520154450_C.wav,normal,,data\spec/normal__141_1306520154450_C.png
153,153,b,data\wavfiles/normal__143_1306763822290_B.wav,normal,,data\spec/normal__143_1306763822290_B.png
154,154,b,data\wavfiles/normal__143_1306763822290_C.wav,normal,,data\spec/normal__143_1306763822290_C.png
155,155,b,data\wavfiles/normal__145_1307987561278_B.wav,normal,,data\spec/normal__145_1307987561278_B.png
156,156,b,data\wavfiles/normal__145_1307987561278_C.wav,normal,,data\spec/normal__145_1307987561278_C.png
157,157,b,data\wavfiles/normal__146_1306778707532_A.wav,normal,,data\spec/normal__146_1306778707532_A.png
158,158,b,data\wavfiles/normal__146_1306778707532_B.wav,normal,,data\spec/normal__146_1306778707532_B.png
159,159,b,data\wavfiles/normal__146_1306778707532_D1.wav,normal,,data\spec/normal__146_1306778707532_D1.png
160,160,b,data\wavfiles/normal__146_1306778707532_D2.wav,normal,,data\spec/normal__146_1306778707532_D2.png
161,161,b,data\wavfiles/normal__146_1306778707532_D3.wav,normal,,data\spec/normal__146_1306778707532_D3.png
162,162,b,data\wavfiles/normal__146_1306778707532_D4.wav,normal,,data\spec/normal__146_1306778707532_D4.png
163,163,b,data\wavfiles/normal__147_1306523973811_A.wav,normal,,data\spec/normal__147_1306523973811_A.png
164,164,b,data\wavfiles/normal__147_1306523973811_C.wav,normal,,data\spec/normal__147_1306523973811_C.png
165,165,b,data\wavfiles/normal__148_1306768801551_C1.wav,normal,,data\spec/normal__148_1306768801551_C1.png
166,166,b,data\wavfiles/normal__148_1306768801551_D2.wav,normal,,data\spec/normal__148_1306768801551_D2.png
167,167,b,data\wavfiles/normal__149_1306776016110_B.wav,normal,,data\spec/normal__149_1306776016110_B.png
168,168,b,data\wavfiles/normal__149_1306776016110_C1.wav,normal,,data\spec/normal__149_1306776016110_C1.png
169,169,b,data\wavfiles/normal__150_1306776340746_B.wav,normal,,data\spec/normal__150_1306776340746_B.png
170,170,b,data\wavfiles/normal__150_1306776340746_C.wav,normal,,data\spec/normal__150_1306776340746_C.png
171,171,b,data\wavfiles/normal__151_1306779785624_A.wav,normal,,data\spec/normal__151_1306779785624_A.png
172,172,b,data\wavfiles/normal__151_1306779785624_D.wav,normal,,data\spec/normal__151_1306779785624_D.png
173,173,b,data\wavfiles/normal__152_1306779561195_B1.wav,normal,,data\spec/normal__152_1306779561195_B1.png
174,174,b,data\wavfiles/normal__152_1306779561195_C1.wav,normal,,data\spec/normal__152_1306779561195_C1.png
175,175,b,data\wavfiles/normal__152_1306779561195_D.wav,normal,,data\spec/normal__152_1306779561195_D.png
176,176,b,data\wavfiles/normal__153_1306848820671_A.wav,normal,,data\spec/normal__153_1306848820671_A.png
177,177,b,data\wavfiles/normal__153_1306848820671_B.wav,normal,,data\spec/normal__153_1306848820671_B.png
178,178,b,data\wavfiles/normal__153_1306848820671_B1.wav,normal,,data\spec/normal__153_1306848820671_B1.png
179,179,b,data\wavfiles/normal__153_1306848820671_D1.wav,normal,,data\spec/normal__153_1306848820671_D1.png
180,180,b,data\wavfiles/normal__154_1306935608852_A1.wav,normal,,data\spec/normal__154_1306935608852_A1.png
181,181,b,data\wavfiles/normal__154_1306935608852_B.wav,normal,,data\spec/normal__154_1306935608852_B.png
182,182,b,data\wavfiles/normal__154_1306935608852_B1.wav,normal,,data\spec/normal__154_1306935608852_B1.png
183,183,b,data\wavfiles/normal__154_1306935608852_D.wav,normal,,data\spec/normal__154_1306935608852_D.png
184,184,b,data\wavfiles/normal__155_1306935902813_B1.wav,normal,,data\spec/normal__155_1306935902813_B1.png
185,185,b,data\wavfiles/normal__158_1306947254705_B2.wav,normal,,data\spec/normal__158_1306947254705_B2.png
186,186,b,data\wavfiles/normal__159_1307018640315_A.wav,normal,,data\spec/normal__159_1307018640315_A.png
187,187,b,data\wavfiles/normal__159_1307018640315_B1.wav,normal,,data\spec/normal__159_1307018640315_B1.png
188,188,b,data\wavfiles/normal__159_1307018640315_B2.wav,normal,,data\spec/normal__159_1307018640315_B2.png
189,189,b,data\wavfiles/normal__159_1307018640315_C1.wav,normal,,data\spec/normal__159_1307018640315_C1.png
190,190,b,data\wavfiles/normal__167_1307111318050_A.wav,normal,,data\spec/normal__167_1307111318050_A.png
191,191,b,data\wavfiles/normal__167_1307111318050_C.wav,normal,,data\spec/normal__167_1307111318050_C.png
192,192,b,data\wavfiles/normal__168_1307970069434_A.wav,normal,,data\spec/normal__168_1307970069434_A.png
193,193,b,data\wavfiles/normal__168_1307970069434_A2.wav,normal,,data\spec/normal__168_1307970069434_A2.png
194,194,b,data\wavfiles/normal__169_1307970398039_C.wav,normal,,data\spec/normal__169_1307970398039_C.png
195,195,b,data\wavfiles/normal__170_1307970562729_A.wav,normal,,data\spec/normal__170_1307970562729_A.png
196,196,b,data\wavfiles/normal__170_1307970562729_B.wav,normal,,data\spec/normal__170_1307970562729_B.png
197,197,b,data\wavfiles/normal__170_1307970562729_C.wav,normal,,data\spec/normal__170_1307970562729_C.png
198,198,b,data\wavfiles/normal__172_1307971284351_B.wav,normal,,data\spec/normal__172_1307971284351_B.png
199,199,b,data\wavfiles/normal__172_1307971284351_B1.wav,normal,,data\spec/normal__172_1307971284351_B1.png
200,200,b,data\wavfiles/normal__173_1307973611151_B.wav,normal,,data\spec/normal__173_1307973611151_B.png
201,201,b,data\wavfiles/normal__173_1307973611151_C.wav,normal,,data\spec/normal__173_1307973611151_C.png
202,202,b,data\wavfiles/normal__174_1307987737137_B.wav,normal,,data\spec/normal__174_1307987737137_B.png
203,203,b,data\wavfiles/normal__174_1307987737137_B1.wav,normal,,data\spec/normal__174_1307987737137_B1.png
204,204,b,data\wavfiles/normal__175_1307987962616_B.wav,normal,,data\spec/normal__175_1307987962616_B.png
205,205,b,data\wavfiles/normal__175_1307987962616_B1.wav,normal,,data\spec/normal__175_1307987962616_B1.png
206,206,b,data\wavfiles/normal__175_1307987962616_D.wav,normal,,data\spec/normal__175_1307987962616_D.png
207,207,b,data\wavfiles/normal__176_1307988171173_A.wav,normal,,data\spec/normal__176_1307988171173_A.png
208,208,b,data\wavfiles/normal__176_1307988171173_B.wav,normal,,data\spec/normal__176_1307988171173_B.png
209,209,b,data\wavfiles/normal__176_1307988171173_B1.wav,normal,,data\spec/normal__176_1307988171173_B1.png
210,210,b,data\wavfiles/normal__177_1307989650056_A1.wav,normal,,data\spec/normal__177_1307989650056_A1.png
211,211,b,data\wavfiles/normal__177_1307989650056_B.wav,normal,,data\spec/normal__177_1307989650056_B.png
212,212,b,data\wavfiles/normal__177_1307989650056_D.wav,normal,,data\spec/normal__177_1307989650056_D.png
213,213,b,data\wavfiles/normal__177_1307989650056_D1.wav,normal,,data\spec/normal__177_1307989650056_D1.png
214,214,b,data\wavfiles/normal__178_1307989887769_B.wav,normal,,data\spec/normal__178_1307989887769_B.png
215,215,b,data\wavfiles/normal__178_1307989887769_D.wav,normal,,data\spec/normal__178_1307989887769_D.png
216,216,b,data\wavfiles/normal__179_1307990076841_B.wav,normal,,data\spec/normal__179_1307990076841_B.png
217,217,b,data\wavfiles/normal__179_1307990076841_D.wav,normal,,data\spec/normal__179_1307990076841_D.png
218,218,b,data\wavfiles/normal__180_1307990956284_A.wav,normal,,data\spec/normal__180_1307990956284_A.png
219,219,b,data\wavfiles/normal__180_1307990956284_C.wav,normal,,data\spec/normal__180_1307990956284_C.png
220,220,b,data\wavfiles/normal__181_1308052613891_B.wav,normal,,data\spec/normal__181_1308052613891_B.png
221,221,b,data\wavfiles/normal__181_1308052613891_D.wav,normal,,data\spec/normal__181_1308052613891_D.png
222,222,b,data\wavfiles/normal__183_1308072703477_B.wav,normal,,data\spec/normal__183_1308072703477_B.png
223,223,b,data\wavfiles/normal__183_1308072703477_C.wav,normal,,data\spec/normal__183_1308072703477_C.png
224,224,b,data\wavfiles/normal__184_1308073010307_B.wav,normal,,data\spec/normal__184_1308073010307_B.png
225,225,b,data\wavfiles/normal__184_1308073010307_D.wav,normal,,data\spec/normal__184_1308073010307_D.png
226,226,b,data\wavfiles/normal__186_1308073648738_C1.wav,normal,,data\spec/normal__186_1308073648738_C1.png
227,227,b,data\wavfiles/normal__186_1308073648738_D.wav,normal,,data\spec/normal__186_1308073648738_D.png
228,228,b,data\wavfiles/normal__188_1308074301731_C.wav,normal,,data\spec/normal__188_1308074301731_C.png
229,229,b,data\wavfiles/normal__188_1308074301731_D.wav,normal,,data\spec/normal__188_1308074301731_D.png
230,230,b,data\wavfiles/normal__190_1308076920011_C1.wav,normal,,data\spec/normal__190_1308076920011_C1.png
231,231,b,data\wavfiles/normal__190_1308076920011_D.wav,normal,,data\spec/normal__190_1308076920011_D.png
232,232,b,data\wavfiles/normal__191_1308077299430_B.wav,normal,,data\spec/normal__191_1308077299430_B.png
233,233,b,data\wavfiles/normal__194_1308139824187_A.wav,normal,,data\spec/normal__194_1308139824187_A.png
234,234,b,data\wavfiles/normal__194_1308139824187_A1.wav,normal,,data\spec/normal__194_1308139824187_A1.png
235,235,b,data\wavfiles/normal__198_1308141739338_C.wav,normal,,data\spec/normal__198_1308141739338_C.png
236,236,b,data\wavfiles/normal__201_1308144942432_A.wav,normal,,data\spec/normal__201_1308144942432_A.png
237,237,b,data\wavfiles/normal__201_1308144942432_A1.wav,normal,,data\spec/normal__201_1308144942432_A1.png
238,238,b,data\wavfiles/normal__202_1308145175747_C.wav,normal,,data\spec/normal__202_1308145175747_C.png
239,239,b,data\wavfiles/normal__202_1308145175747_D.wav,normal,,data\spec/normal__202_1308145175747_D.png
240,240,b,data\wavfiles/normal__204_1308159229275_C.wav,normal,,data\spec/normal__204_1308159229275_C.png
241,241,b,data\wavfiles/normal__204_1308159229275_D.wav,normal,,data\spec/normal__204_1308159229275_D.png
242,242,b,data\wavfiles/normal__206_1308159601959_C.wav,normal,,data\spec/normal__206_1308159601959_C.png
243,243,b,data\wavfiles/normal__207_1308159792607_C.wav,normal,,data\spec/normal__207_1308159792607_C.png
244,244,b,data\wavfiles/normal__208_1308159994503_C.wav,normal,,data\spec/normal__208_1308159994503_C.png
245,245,b,data\wavfiles/normal__209_1308162216750_A.wav,normal,,data\spec/normal__209_1308162216750_A.png
246,246,b,data\wavfiles/normal__209_1308162216750_A1.wav,normal,,data\spec/normal__209_1308162216750_A1.png
247,247,b,data\wavfiles/normal__210_1308162935880_B.wav,normal,,data\spec/normal__210_1308162935880_B.png
248,248,b,data\wavfiles/normal__210_1308162935880_B1.wav,normal,,data\spec/normal__210_1308162935880_B1.png
249,249,b,data\wavfiles/normal__210_1308162935880_D1.wav,normal,,data\spec/normal__210_1308162935880_D1.png
250,250,b,data\wavfiles/normal__210_1308162935880_D2.wav,normal,,data\spec/normal__210_1308162935880_D2.png
251,251,b,data\wavfiles/normal__213_1308245263936_C.wav,normal,,data\spec/normal__213_1308245263936_C.png
252,252,b,data\wavfiles/normal__214_1308245489717_A.wav,normal,,data\spec/normal__214_1308245489717_A.png
253,253,b,data\wavfiles/normal__215_1308245664733_C.wav,normal,,data\spec/normal__215_1308245664733_C.png
254,254,b,data\wavfiles/normal__215_1308245664733_C1.wav,normal,,data\spec/normal__215_1308245664733_C1.png
255,255,b,data\wavfiles/normal__216_1308245839516_C.wav,normal,,data\spec/normal__216_1308245839516_C.png
256,256,b,data\wavfiles/normal__217_1308246111629_C.wav,normal,,data\spec/normal__217_1308246111629_C.png
257,257,b,data\wavfiles/normal__217_1308246111629_C1.wav,normal,,data\spec/normal__217_1308246111629_C1.png
258,258,b,data\wavfiles/normal__218_1308246311449_C.wav,normal,,data\spec/normal__218_1308246311449_C.png
259,259,b,data\wavfiles/normal__218_1308246311449_C1.wav,normal,,data\spec/normal__218_1308246311449_C1.png
260,260,b,data\wavfiles/normal__220_1308250132896_C.wav,normal,,data\spec/normal__220_1308250132896_C.png
261,261,b,data\wavfiles/normal__220_1308250132896_D.wav,normal,,data\spec/normal__220_1308250132896_D.png
262,262,b,data\wavfiles/normal__224_1308337157445_C.wav,normal,,data\spec/normal__224_1308337157445_C.png
263,263,b,data\wavfiles/normal__227_1308594233667_B.wav,normal,,data\spec/normal__227_1308594233667_B.png
264,264,b,data\wavfiles/normal__227_1308594233667_C.wav,normal,,data\spec/normal__227_1308594233667_C.png
265,265,b,data\wavfiles/normal__230_1308595300880_B.wav,normal,,data\spec/normal__230_1308595300880_B.png
266,266,b,data\wavfiles/normal__230_1308595300880_C.wav,normal,,data\spec/normal__230_1308595300880_C.png
267,267,b,data\wavfiles/normal__232_1308748524018_A.wav,normal,,data\spec/normal__232_1308748524018_A.png
268,268,b,data\wavfiles/normal__232_1308748524018_B.wav,normal,,data\spec/normal__232_1308748524018_B.png
269,269,b,data\wavfiles/normal__232_1308748524018_B1.wav,normal,,data\spec/normal__232_1308748524018_B1.png
270,270,b,data\wavfiles/normal__232_1308748524018_C.wav,normal,,data\spec/normal__232_1308748524018_C.png
271,271,b,data\wavfiles/normal__232_1308748524018_D1.wav,normal,,data\spec/normal__232_1308748524018_D1.png
272,272,b,data\wavfiles/normal__235_1308749032454_C.wav,normal,,data\spec/normal__235_1308749032454_C.png
273,273,b,data\wavfiles/normal__235_1308749032454_D.wav,normal,,data\spec/normal__235_1308749032454_D.png
274,274,b,data\wavfiles/normal__237_1308750231222_C.wav,normal,,data\spec/normal__237_1308750231222_C.png
275,275,b,data\wavfiles/normal__238_1309194586293_A.wav,normal,,data\spec/normal__238_1309194586293_A.png
276,276,b,data\wavfiles/normal__238_1309194586293_B.wav,normal,,data\spec/normal__238_1309194586293_B.png
277,277,b,data\wavfiles/normal__250_1309202496494_A.wav,normal,,data\spec/normal__250_1309202496494_A.png
278,278,b,data\wavfiles/normal__250_1309202496494_B.wav,normal,,data\spec/normal__250_1309202496494_B.png
279,279,b,data\wavfiles/normal__252_1309203336604_B.wav,normal,,data\spec/normal__252_1309203336604_B.png
280,280,b,data\wavfiles/normal__256_1309351470137_A.wav,normal,,data\spec/normal__256_1309351470137_A.png
281,281,b,data\wavfiles/normal__258_1309352253234_C.wav,normal,,data\spec/normal__258_1309352253234_C.png
282,282,b,data\wavfiles/normal__260_1309353164458_C.wav,normal,,data\spec/normal__260_1309353164458_C.png
283,283,b,data\wavfiles/normal__261_1309353556003_B.wav,normal,,data\spec/normal__261_1309353556003_B.png
284,284,b,data\wavfiles/normal__262_1309355283807_A.wav,normal,,data\spec/normal__262_1309355283807_A.png
285,285,b,data\wavfiles/normal__267_1309368735165_A.wav,normal,,data\spec/normal__267_1309368735165_A.png
286,286,b,data\wavfiles/normal__270_1309369533040_C.wav,normal,,data\spec/normal__270_1309369533040_C.png
287,287,b,data\wavfiles/normal__273_1309370841191_B.wav,normal,,data\spec/normal__273_1309370841191_B.png
288,288,b,data\wavfiles/normal__274_1311075637574_A1.wav,normal,,data\spec/normal__274_1311075637574_A1.png
289,289,b,data\wavfiles/normal__274_1311075637574_B.wav,normal,,data\spec/normal__274_1311075637574_B.png
290,290,b,data\wavfiles/normal__274_1311075637574_B1.wav,normal,,data\spec/normal__274_1311075637574_B1.png
291,291,b,data\wavfiles/normal__274_1311075637574_D.wav,normal,,data\spec/normal__274_1311075637574_D.png
292,292,b,data\wavfiles/normal__278_1311163365896_A.wav,normal,,data\spec/normal__278_1311163365896_A.png
293,293,b,data\wavfiles/normal__278_1311163365896_A1.wav,normal,,data\spec/normal__278_1311163365896_A1.png
294,294,b,data\wavfiles/normal__280_1311165195344_A.wav,normal,,data\spec/normal__280_1311165195344_A.png
295,295,b,data\wavfiles/normal__282_1311166081161_C.wav,normal,,data\spec/normal__282_1311166081161_C.png
296,296,b,data\wavfiles/normal__283_1311167409239_A.wav,normal,,data\spec/normal__283_1311167409239_A.png
297,297,b,data\wavfiles/normal__286_1311170606028_A.wav,normal,,data\spec/normal__286_1311170606028_A.png
298,298,b,data\wavfiles/normal__286_1311170606028_A1.wav,normal,,data\spec/normal__286_1311170606028_A1.png
299,299,b,data\wavfiles/normal__286_1311170606028_B1.wav,normal,,data\spec/normal__286_1311170606028_B1.png
300,300,b,data\wavfiles/normal__286_1311170606028_C.wav,normal,,data\spec/normal__286_1311170606028_C.png
301,301,b,data\wavfiles/normal__290_1311182875320_A.wav,normal,,data\spec/normal__290_1311182875320_A.png
302,302,b,data\wavfiles/normal__291_1311185210672_A.wav,normal,,data\spec/normal__291_1311185210672_A.png
303,303,b,data\wavfiles/normal__294_1311681084248_A.wav,normal,,data\spec/normal__294_1311681084248_A.png
304,304,b,data\wavfiles/normal__294_1311681084248_B.wav,normal,,data\spec/normal__294_1311681084248_B.png
305,305,b,data\wavfiles/normal__294_1311681084248_D1.wav,normal,,data\spec/normal__294_1311681084248_D1.png
306,306,b,data\wavfiles/normal__295_1311682673157_D.wav,normal,,data\spec/normal__295_1311682673157_D.png
307,307,b,data\wavfiles/normal__296_1311682952647_A1.wav,normal,,data\spec/normal__296_1311682952647_A1.png
308,308,b,data\wavfiles/normal__296_1311682952647_A2.wav,normal,,data\spec/normal__296_1311682952647_A2.png
309,309,b,data\wavfiles/normal__298_1311685888900_B.wav,normal,,data\spec/normal__298_1311685888900_B.png
310,310,b,data\wavfiles/normal__299_1311770522820_C.wav,normal,,data\spec/normal__299_1311770522820_C.png
311,311,b,data\wavfiles/normal__300_1311772096120_C1.wav,normal,,data\spec/normal__300_1311772096120_C1.png
312,507,b,data\wavfiles/murmur_noisymurmur_135_1306428972976_A.wav,murmur,noisymurmur,data\spec/murmur_noisymurmur_135_1306428972976_A.png
313,508,b,data\wavfiles/murmur_noisymurmur_135_1306428972976_B.wav,murmur,noisymurmur,data\spec/murmur_noisymurmur_135_1306428972976_B.png
314,509,b,data\wavfiles/murmur_noisymurmur_135_1306428972976_C.wav,murmur,noisymurmur,data\spec/murmur_noisymurmur_135_1306428972976_C.png
315,510,b,data\wavfiles/murmur_noisymurmur_156_1306936373241_A.wav,murmur,noisymurmur,data\spec/murmur_noisymurmur_156_1306936373241_A.png
316,511,b,data\wavfiles/murmur_noisymurmur_156_1306936373241_B1.wav,murmur,noisymurmur,data\spec/murmur_noisymurmur_156_1306936373241_B1.png
317,512,b,data\wavfiles/murmur_noisymurmur_160_1307100683334_D.wav,murmur,noisymurmur,data\spec/murmur_noisymurmur_160_1307100683334_D.png
318,513,b,data\wavfiles/murmur_noisymurmur_161_1307101199321_B.wav,murmur,noisymurmur,data\spec/murmur_noisymurmur_161_1307101199321_B.png
319,514,b,data\wavfiles/murmur_noisymurmur_161_1307101199321_C.wav,murmur,noisymurmur,data\spec/murmur_noisymurmur_161_1307101199321_C.png
320,515,b,data\wavfiles/murmur_noisymurmur_162_1307101835989_B_1.wav,murmur,noisymurmur,data\spec/murmur_noisymurmur_162_1307101835989_B_1.png
321,516,b,data\wavfiles/murmur_noisymurmur_162_1307101835989_D.wav,murmur,noisymurmur,data\spec/murmur_noisymurmur_162_1307101835989_D.png
322,517,b,data\wavfiles/murmur_noisymurmur_164_1307106095995_C1.wav,murmur,noisymurmur,data\spec/murmur_noisymurmur_164_1307106095995_C1.png
323,518,b,data\wavfiles/murmur_noisymurmur_165_1307109069581_A.wav,murmur,noisymurmur,data\spec/murmur_noisymurmur_165_1307109069581_A.png
324,519,b,data\wavfiles/murmur_noisymurmur_165_1307109069581_C1.wav,murmur,noisymurmur,data\spec/murmur_noisymurmur_165_1307109069581_C1.png
325,520,b,data\wavfiles/murmur_noisymurmur_165_1307109069581_D.wav,murmur,noisymurmur,data\spec/murmur_noisymurmur_165_1307109069581_D.png
326,521,b,data\wavfiles/murmur_noisymurmur_171_1307971016233_D.wav,murmur,noisymurmur,data\spec/murmur_noisymurmur_171_1307971016233_D.png
327,522,b,data\wavfiles/murmur_noisymurmur_171_1307971016233_F.wav,murmur,noisymurmur,data\spec/murmur_noisymurmur_171_1307971016233_F.png
328,523,b,data\wavfiles/murmur_noisymurmur_185_1308073325396_D.wav,murmur,noisymurmur,data\spec/murmur_noisymurmur_185_1308073325396_D.png
329,524,b,data\wavfiles/murmur_noisymurmur_200_1308144251434_D.wav,murmur,noisymurmur,data\spec/murmur_noisymurmur_200_1308144251434_D.png
330,525,b,data\wavfiles/murmur_noisymurmur_231_1308748318393_A.wav,murmur,noisymurmur,data\spec/murmur_noisymurmur_231_1308748318393_A.png
331,526,b,data\wavfiles/murmur_noisymurmur_240_1309201366049_C.wav,murmur,noisymurmur,data\spec/murmur_noisymurmur_240_1309201366049_C.png
332,527,b,data\wavfiles/murmur_noisymurmur_240_1309201366049_D.wav,murmur,noisymurmur,data\spec/murmur_noisymurmur_240_1309201366049_D.png
333,528,b,data\wavfiles/murmur_noisymurmur_243_1309197760898_B.wav,murmur,noisymurmur,data\spec/murmur_noisymurmur_243_1309197760898_B.png
334,529,b,data\wavfiles/murmur_noisymurmur_243_1309197760898_C.wav,murmur,noisymurmur,data\spec/murmur_noisymurmur_243_1309197760898_C.png
335,530,b,data\wavfiles/murmur_noisymurmur_272_1309370164386_C.wav,murmur,noisymurmur,data\spec/murmur_noisymurmur_272_1309370164386_C.png
336,531,b,data\wavfiles/murmur_noisymurmur_288_1311164615284_B1.wav,murmur,noisymurmur,data\spec/murmur_noisymurmur_288_1311164615284_B1.png
337,532,b,data\wavfiles/murmur_noisymurmur_288_1311164615284_C.wav,murmur,noisymurmur,data\spec/murmur_noisymurmur_288_1311164615284_C.png
338,533,b,data\wavfiles/murmur_noisymurmur_292_1311185449649_D.wav,murmur,noisymurmur,data\spec/murmur_noisymurmur_292_1311185449649_D.png
339,534,b,data\wavfiles/murmur_noisymurmur_293_1311680805936_C.wav,murmur,noisymurmur,data\spec/murmur_noisymurmur_293_1311680805936_C.png
340,535,b,data\wavfiles/murmur_noisymurmur_293_1311680805936_D.wav,murmur,noisymurmur,data\spec/murmur_noisymurmur_293_1311680805936_D.png
341,536,b,data\wavfiles/normal_noisynormal_101_1305030823364_B.wav,normal,noisynormal,data\spec/normal_noisynormal_101_1305030823364_B.png
342,537,b,data\wavfiles/normal_noisynormal_101_1305030823364_E.wav,normal,noisynormal,data\spec/normal_noisynormal_101_1305030823364_E.png
343,538,b,data\wavfiles/normal_noisynormal_104_1305032492469_A.wav,normal,noisynormal,data\spec/normal_noisynormal_104_1305032492469_A.png
344,539,b,data\wavfiles/normal_noisynormal_105_1305033453095_A.wav,normal,noisynormal,data\spec/normal_noisynormal_105_1305033453095_A.png
345,540,b,data\wavfiles/normal_noisynormal_105_1305033453095_C.wav,normal,noisynormal,data\spec/normal_noisynormal_105_1305033453095_C.png
346,541,b,data\wavfiles/normal_noisynormal_106_1306776721273_A.wav,normal,noisynormal,data\spec/normal_noisynormal_106_1306776721273_A.png
347,542,b,data\wavfiles/normal_noisynormal_107_1305654946865_A.wav,normal,noisynormal,data\spec/normal_noisynormal_107_1305654946865_A.png
348,543,b,data\wavfiles/normal_noisynormal_108_1305654420093_A.wav,normal,noisynormal,data\spec/normal_noisynormal_108_1305654420093_A.png
349,544,b,data\wavfiles/normal_noisynormal_108_1305654420093_B.wav,normal,noisynormal,data\spec/normal_noisynormal_108_1305654420093_B.png
350,545,b,data\wavfiles/normal_noisynormal_109_1305653646620_A.wav,normal,noisynormal,data\spec/normal_noisynormal_109_1305653646620_A.png
351,546,b,data\wavfiles/normal_noisynormal_109_1305653972028_A.wav,normal,noisynormal,data\spec/normal_noisynormal_109_1305653972028_A.png
352,547,b,data\wavfiles/normal_noisynormal_109_1305653972028_C.wav,normal,noisynormal,data\spec/normal_noisynormal_109_1305653972028_C.png
353,548,b,data\wavfiles/normal_noisynormal_109_1305653972028_E.wav,normal,noisynormal,data\spec/normal_noisynormal_109_1305653972028_E.png
354,549,b,data\wavfiles/normal_noisynormal_109_1305653972028_F.wav,normal,noisynormal,data\spec/normal_noisynormal_109_1305653972028_F.png
355,550,b,data\wavfiles/normal_noisynormal_110_1305655332337_A.wav,normal,noisynormal,data\spec/normal_noisynormal_110_1305655332337_A.png
356,551,b,data\wavfiles/normal_noisynormal_110_1305655332337_B.wav,normal,noisynormal,data\spec/normal_noisynormal_110_1305655332337_B.png
357,552,b,data\wavfiles/normal_noisynormal_113_1306244002866_A.wav,normal,noisynormal,data\spec/normal_noisynormal_113_1306244002866_A.png
358,553,b,data\wavfiles/normal_noisynormal_113_1306244002866_B.wav,normal,noisynormal,data\spec/normal_noisynormal_113_1306244002866_B.png
359,554,b,data\wavfiles/normal_noisynormal_115_1306259437619_A1.wav,normal,noisynormal,data\spec/normal_noisynormal_115_1306259437619_A1.png
360,555,b,data\wavfiles/normal_noisynormal_115_1306259437619_B.wav,normal,noisynormal,data\spec/normal_noisynormal_115_1306259437619_B.png
361,556,b,data\wavfiles/normal_noisynormal_117_1306262456650_A.wav,normal,noisynormal,data\spec/normal_noisynormal_117_1306262456650_A.png
362,557,b,data\wavfiles/normal_noisynormal_117_1306262456650_C.wav,normal,noisynormal,data\spec/normal_noisynormal_117_1306262456650_C.png
363,558,b,data\wavfiles/normal_noisynormal_117_1306262456650_D.wav,normal,noisynormal,data\spec/normal_noisynormal_117_1306262456650_D.png
364,559,b,data\wavfiles/normal_noisynormal_118_1306262335509_B.wav,normal,noisynormal,data\spec/normal_noisynormal_118_1306262335509_B.png
365,560,b,data\wavfiles/normal_noisynormal_118_1306262335509_C1.wav,normal,noisynormal,data\spec/normal_noisynormal_118_1306262335509_C1.png
366,561,b,data\wavfiles/normal_noisynormal_118_1306262335509_D.wav,normal,noisynormal,data\spec/normal_noisynormal_118_1306262335509_D.png
367,562,b,data\wavfiles/normal_noisynormal_121_1306263877235_A.wav,normal,noisynormal,data\spec/normal_noisynormal_121_1306263877235_A.png
368,563,b,data\wavfiles/normal_noisynormal_121_1306263877235_C.wav,normal,noisynormal,data\spec/normal_noisynormal_121_1306263877235_C.png
369,564,b,data\wavfiles/normal_noisynormal_121_1306263877235_D.wav,normal,noisynormal,data\spec/normal_noisynormal_121_1306263877235_D.png
370,565,b,data\wavfiles/normal_noisynormal_123_1306331925797_B.wav,normal,noisynormal,data\spec/normal_noisynormal_123_1306331925797_B.png
371,566,b,data\wavfiles/normal_noisynormal_123_1306331925797_C.wav,normal,noisynormal,data\spec/normal_noisynormal_123_1306331925797_C.png
372,567,b,data\wavfiles/normal_noisynormal_125_1306332456645_A1.wav,normal,noisynormal,data\spec/normal_noisynormal_125_1306332456645_A1.png
373,568,b,data\wavfiles/normal_noisynormal_125_1306332456645_A2.wav,normal,noisynormal,data\spec/normal_noisynormal_125_1306332456645_A2.png
374,569,b,data\wavfiles/normal_noisynormal_125_1306332456645_B1.wav,normal,noisynormal,data\spec/normal_noisynormal_125_1306332456645_B1.png
375,570,b,data\wavfiles/normal_noisynormal_125_1306332456645_C.wav,normal,noisynormal,data\spec/normal_noisynormal_125_1306332456645_C.png
376,571,b,data\wavfiles/normal_noisynormal_125_1306332456645_D.wav,normal,noisynormal,data\spec/normal_noisynormal_125_1306332456645_D.png
377,572,b,data\wavfiles/normal_noisynormal_127_1306764300147_D1.wav,normal,noisynormal,data\spec/normal_noisynormal_127_1306764300147_D1.png
378,573,b,data\wavfiles/normal_noisynormal_129_1306344506305_A.wav,normal,noisynormal,data\spec/normal_noisynormal_129_1306344506305_A.png
379,574,b,data\wavfiles/normal_noisynormal_129_1306344506305_C.wav,normal,noisynormal,data\spec/normal_noisynormal_129_1306344506305_C.png
380,575,b,data\wavfiles/normal_noisynormal_130_1306347376079_B.wav,normal,noisynormal,data\spec/normal_noisynormal_130_1306347376079_B.png
381,576,b,data\wavfiles/normal_noisynormal_130_1306347376079_C.wav,normal,noisynormal,data\spec/normal_noisynormal_130_1306347376079_C.png
382,577,b,data\wavfiles/normal_noisynormal_132_1306758754432_B1.wav,normal,noisynormal,data\spec/normal_noisynormal_132_1306758754432_B1.png
383,578,b,data\wavfiles/normal_noisynormal_132_1306758754432_C.wav,normal,noisynormal,data\spec/normal_noisynormal_132_1306758754432_C.png
384,579,b,data\wavfiles/normal_noisynormal_133_1306759619127_A1.wav,normal,noisynormal,data\spec/normal_noisynormal_133_1306759619127_A1.png
385,580,b,data\wavfiles/normal_noisynormal_133_1306759619127_B1.wav,normal,noisynormal,data\spec/normal_noisynormal_133_1306759619127_B1.png
386,581,b,data\wavfiles/normal_noisynormal_133_1306759619127_C.wav,normal,noisynormal,data\spec/normal_noisynormal_133_1306759619127_C.png
387,582,b,data\wavfiles/normal_noisynormal_133_1306759619127_D1.wav,normal,noisynormal,data\spec/normal_noisynormal_133_1306759619127_D1.png
388,583,b,data\wavfiles/normal_noisynormal_134_1306428161797_B1.wav,normal,noisynormal,data\spec/normal_noisynormal_134_1306428161797_B1.png
389,584,b,data\wavfiles/normal_noisynormal_134_1306428161797_D1.wav,normal,noisynormal,data\spec/normal_noisynormal_134_1306428161797_D1.png
390,585,b,data\wavfiles/normal_noisynormal_136_1306429977501_B.wav,normal,noisynormal,data\spec/normal_noisynormal_136_1306429977501_B.png
391,586,b,data\wavfiles/normal_noisynormal_136_1306429977501_C.wav,normal,noisynormal,data\spec/normal_noisynormal_136_1306429977501_C.png
392,587,b,data\wavfiles/normal_noisynormal_136_1306429977501_D1.wav,normal,noisynormal,data\spec/normal_noisynormal_136_1306429977501_D1.png
393,588,b,data\wavfiles/normal_noisynormal_137_1306764999211_A1.wav,normal,noisynormal,data\spec/normal_noisynormal_137_1306764999211_A1.png
394,589,b,data\wavfiles/normal_noisynormal_137_1306764999211_A2.wav,normal,noisynormal,data\spec/normal_noisynormal_137_1306764999211_A2.png
395,590,b,data\wavfiles/normal_noisynormal_137_1306764999211_B.wav,normal,noisynormal,data\spec/normal_noisynormal_137_1306764999211_B.png
396,591,b,data\wavfiles/normal_noisynormal_137_1306764999211_C1.wav,normal,noisynormal,data\spec/normal_noisynormal_137_1306764999211_C1.png
397,592,b,data\wavfiles/normal_noisynormal_137_1306764999211_D1.wav,normal,noisynormal,data\spec/normal_noisynormal_137_1306764999211_D1.png
398,593,b,data\wavfiles/normal_noisynormal_138_1306762146980_A.wav,normal,noisynormal,data\spec/normal_noisynormal_138_1306762146980_A.png
399,594,b,data\wavfiles/normal_noisynormal_138_1306762146980_D.wav,normal,noisynormal,data\spec/normal_noisynormal_138_1306762146980_D.png
400,595,b,data\wavfiles/normal_noisynormal_139_1306519274653_D.wav,normal,noisynormal,data\spec/normal_noisynormal_139_1306519274653_D.png
401,596,b,data\wavfiles/normal_noisynormal_140_1306519735121_C.wav,normal,noisynormal,data\spec/normal_noisynormal_140_1306519735121_C.png
402,597,b,data\wavfiles/normal_noisynormal_141_1306520154450_A1.wav,normal,noisynormal,data\spec/normal_noisynormal_141_1306520154450_A1.png
403,598,b,data\wavfiles/normal_noisynormal_141_1306520154450_B1.wav,normal,noisynormal,data\spec/normal_noisynormal_141_1306520154450_B1.png
404,599,b,data\wavfiles/normal_noisynormal_141_1306520154450_C1.wav,normal,noisynormal,data\spec/normal_noisynormal_141_1306520154450_C1.png
405,600,b,data\wavfiles/normal_noisynormal_142_1306763049574_A.wav,normal,noisynormal,data\spec/normal_noisynormal_142_1306763049574_A.png
406,601,b,data\wavfiles/normal_noisynormal_142_1306763049574_B.wav,normal,noisynormal,data\spec/normal_noisynormal_142_1306763049574_B.png
407,602,b,data\wavfiles/normal_noisynormal_142_1306763049574_D.wav,normal,noisynormal,data\spec/normal_noisynormal_142_1306763049574_D.png
408,603,b,data\wavfiles/normal_noisynormal_143_1306763822290_A.wav,normal,noisynormal,data\spec/normal_noisynormal_143_1306763822290_A.png
409,604,b,data\wavfiles/normal_noisynormal_144_1306522408528_A1.wav,normal,noisynormal,data\spec/normal_noisynormal_144_1306522408528_A1.png
410,605,b,data\wavfiles/normal_noisynormal_144_1306522408528_C.wav,normal,noisynormal,data\spec/normal_noisynormal_144_1306522408528_C.png
411,606,b,data\wavfiles/normal_noisynormal_146_1306778707532_D.wav,normal,noisynormal,data\spec/normal_noisynormal_146_1306778707532_D.png
412,607,b,data\wavfiles/normal_noisynormal_147_1306523973811_B.wav,normal,noisynormal,data\spec/normal_noisynormal_147_1306523973811_B.png
413,608,b,data\wavfiles/normal_noisynormal_149_1306776016110_A.wav,normal,noisynormal,data\spec/normal_noisynormal_149_1306776016110_A.png
414,609,b,data\wavfiles/normal_noisynormal_150_1306776340746_A.wav,normal,noisynormal,data\spec/normal_noisynormal_150_1306776340746_A.png
415,610,b,data\wavfiles/normal_noisynormal_151_1306779785624_C.wav,normal,noisynormal,data\spec/normal_noisynormal_151_1306779785624_C.png
416,611,b,data\wavfiles/normal_noisynormal_154_1306935608852_C.wav,normal,noisynormal,data\spec/normal_noisynormal_154_1306935608852_C.png
417,612,b,data\wavfiles/normal_noisynormal_155_1306935902813_A.wav,normal,noisynormal,data\spec/normal_noisynormal_155_1306935902813_A.png
418,613,b,data\wavfiles/normal_noisynormal_155_1306935902813_C.wav,normal,noisynormal,data\spec/normal_noisynormal_155_1306935902813_C.png
419,614,b,data\wavfiles/normal_noisynormal_157_1306937583792_A.wav,normal,noisynormal,data\spec/normal_noisynormal_157_1306937583792_A.png
420,615,b,data\wavfiles/normal_noisynormal_157_1306937583792_B.wav,normal,noisynormal,data\spec/normal_noisynormal_157_1306937583792_B.png
421,616,b,data\wavfiles/normal_noisynormal_158_1306947254705_B1.wav,normal,noisynormal,data\spec/normal_noisynormal_158_1306947254705_B1.png
422,617,b,data\wavfiles/normal_noisynormal_158_1306947254705_D.wav,normal,noisynormal,data\spec/normal_noisynormal_158_1306947254705_D.png
423,618,b,data\wavfiles/normal_noisynormal_159_1307018640315_A1.wav,normal,noisynormal,data\spec/normal_noisynormal_159_1307018640315_A1.png
424,619,b,data\wavfiles/normal_noisynormal_159_1307018640315_B.wav,normal,noisynormal,data\spec/normal_noisynormal_159_1307018640315_B.png
425,620,b,data\wavfiles/normal_noisynormal_163_1307104470471_D1.wav,normal,noisynormal,data\spec/normal_noisynormal_163_1307104470471_D1.png
426,621,b,data\wavfiles/normal_noisynormal_167_1307111318050_A1.wav,normal,noisynormal,data\spec/normal_noisynormal_167_1307111318050_A1.png
427,622,b,data\wavfiles/normal_noisynormal_167_1307111318050_B.wav,normal,noisynormal,data\spec/normal_noisynormal_167_1307111318050_B.png
428,623,b,data\wavfiles/normal_noisynormal_168_1307970069434_A1.wav,normal,noisynormal,data\spec/normal_noisynormal_168_1307970069434_A1.png
429,624,b,data\wavfiles/normal_noisynormal_169_1307970398039_A.wav,normal,noisynormal,data\spec/normal_noisynormal_169_1307970398039_A.png
430,625,b,data\wavfiles/normal_noisynormal_170_1307970562729_C1.wav,normal,noisynormal,data\spec/normal_noisynormal_170_1307970562729_C1.png
431,626,b,data\wavfiles/normal_noisynormal_172_1307971284351_A.wav,normal,noisynormal,data\spec/normal_noisynormal_172_1307971284351_A.png
432,627,b,data\wavfiles/normal_noisynormal_173_1307973611151_B.wav,normal,noisynormal,data\spec/normal_noisynormal_173_1307973611151_B.png
433,628,b,data\wavfiles/normal_noisynormal_173_1307973611151_C1.wav,normal,noisynormal,data\spec/normal_noisynormal_173_1307973611151_C1.png
434,629,b,data\wavfiles/normal_noisynormal_176_1307988171173_D.wav,normal,noisynormal,data\spec/normal_noisynormal_176_1307988171173_D.png
435,630,b,data\wavfiles/normal_noisynormal_178_1307989887769_B1.wav,normal,noisynormal,data\spec/normal_noisynormal_178_1307989887769_B1.png
436,631,b,data\wavfiles/normal_noisynormal_181_1308052613891_A.wav,normal,noisynormal,data\spec/normal_noisynormal_181_1308052613891_A.png
437,632,b,data\wavfiles/normal_noisynormal_182_1308053371395_B.wav,normal,noisynormal,data\spec/normal_noisynormal_182_1308053371395_B.png
438,633,b,data\wavfiles/normal_noisynormal_188_1308074301731_A.wav,normal,noisynormal,data\spec/normal_noisynormal_188_1308074301731_A.png
439,634,b,data\wavfiles/normal_noisynormal_189_1308075231945_A1.wav,normal,noisynormal,data\spec/normal_noisynormal_189_1308075231945_A1.png
440,635,b,data\wavfiles/normal_noisynormal_194_1308139824187_C.wav,normal,noisynormal,data\spec/normal_noisynormal_194_1308139824187_C.png
441,636,b,data\wavfiles/normal_noisynormal_198_1308141739338_D.wav,normal,noisynormal,data\spec/normal_noisynormal_198_1308141739338_D.png
442,637,b,data\wavfiles/normal_noisynormal_207_1308159792607_D.wav,normal,noisynormal,data\spec/normal_noisynormal_207_1308159792607_D.png
443,638,b,data\wavfiles/normal_noisynormal_216_1308245839516_D.wav,normal,noisynormal,data\spec/normal_noisynormal_216_1308245839516_D.png
444,639,b,data\wavfiles/normal_noisynormal_234_1308748855534_B.wav,normal,noisynormal,data\spec/normal_noisynormal_234_1308748855534_B.png
445,640,b,data\wavfiles/normal_noisynormal_246_1309199278902_D.wav,normal,noisynormal,data\spec/normal_noisynormal_246_1309199278902_D.png
446,641,b,data\wavfiles/normal_noisynormal_258_1309352253234_A.wav,normal,noisynormal,data\spec/normal_noisynormal_258_1309352253234_A.png
447,642,b,data\wavfiles/normal_noisynormal_264_1309356143724_B.wav,normal,noisynormal,data\spec/normal_noisynormal_264_1309356143724_B.png
448,643,b,data\wavfiles/normal_noisynormal_264_1309356143724_C.wav,normal,noisynormal,data\spec/normal_noisynormal_264_1309356143724_C.png
449,644,b,data\wavfiles/normal_noisynormal_264_1309356143724_D.wav,normal,noisynormal,data\spec/normal_noisynormal_264_1309356143724_D.png
450,645,b,data\wavfiles/normal_noisynormal_270_1309369533040_A.wav,normal,noisynormal,data\spec/normal_noisynormal_270_1309369533040_A.png
451,646,b,data\wavfiles/normal_noisynormal_270_1309369533040_B.wav,normal,noisynormal,data\spec/normal_noisynormal_270_1309369533040_B.png
452,647,b,data\wavfiles/normal_noisynormal_271_1309369876160_A.wav,normal,noisynormal,data\spec/normal_noisynormal_271_1309369876160_A.png
453,648,b,data\wavfiles/normal_noisynormal_271_1309369876160_C.wav,normal,noisynormal,data\spec/normal_noisynormal_271_1309369876160_C.png
454,649,b,data\wavfiles/normal_noisynormal_271_1309369876160_D.wav,normal,noisynormal,data\spec/normal_noisynormal_271_1309369876160_D.png
455,650,b,data\wavfiles/normal_noisynormal_278_1311163365896_B.wav,normal,noisynormal,data\spec/normal_noisynormal_278_1311163365896_B.png
456,651,b,data\wavfiles/normal_noisynormal_284_1311168471850_A.wav,normal,noisynormal,data\spec/normal_noisynormal_284_1311168471850_A.png
457,652,b,data\wavfiles/normal_noisynormal_284_1311168471850_B.wav,normal,noisynormal,data\spec/normal_noisynormal_284_1311168471850_B.png
458,653,b,data\wavfiles/normal_noisynormal_285_1311169246969_C.wav,normal,noisynormal,data\spec/normal_noisynormal_285_1311169246969_C.png
459,654,b,data\wavfiles/normal_noisynormal_296_1311682952647_C.wav,normal,noisynormal,data\spec/normal_noisynormal_296_1311682952647_C.png
460,655,b,data\wavfiles/normal_noisynormal_296_1311682952647_D.wav,normal,noisynormal,data\spec/normal_noisynormal_296_1311682952647_D.png
